objectid,lau115cd,lau115nm,region,year,predictedprevalence,% population autistic,population education,No qualifications,% no qualifications,Level 1 qualifications,% level 1 qualification,Level 2 qualifications,% level 2 qualifications,Apprenticeship,% Apprenticeship qualifications,Level 3 qualifications,% level 3 qualifications,Level 4 qualifications and above,% level 4 qualification,Other qualifications,% other qualifications,weekly gross pay mean
72,E07000032,"""Amber Valley""","""East Midlands""",2035,755,0.75%,100841,27220,26.99%,13986,13.87%,15627,15.50%,4683,4.64%,12086,11.99%,23346,23.15%,3893,3.86%,540.7
,E07000004,"""Aylesbury Vale""","""South East""",2035,792,0.57%,138567,12773,21.54%,7088,11.95%,8870,14.96%,1992,3.36%,6572,11.08%,19816,33.42%,2188,3.69%,569.1
295,E09000002,"""Barking and Dagenham""",London,2035,"1,427",1.04%,137613,37648,32.62%,16355,14.17%,18058,15.65%,4922,4.26%,12071,10.46%,20849,18.06%,5515,4.78%,431
67,E07000027,"""Barrow-in-Furness""","""North West""",2035,348,0.61%,56796,15506,22.29%,10629,15.28%,12222,17.57%,3085,4.43%,8220,11.81%,16866,24.24%,3048,4.38%,563.6
117,E07000084,"""Basingstoke and Deane""","""South East""",2035,"1,016",0.76%,133947,34845,22.93%,19396,12.76%,24322,16.01%,5410,3.56%,18235,12.00%,41779,27.49%,7975,5.25%,527
22,E06000022,"""Bath and North East Somerset""","""South West""",2035,"1,342",0.92%,146439,21089,24.39%,12342,14.27%,13895,16.07%,4144,4.79%,10733,12.41%,20803,24.06%,3469,4.01%,554.1
8,E06000008,"""Blackburn with Darwen""","""North West""",2035,882,0.78%,113122,54885,23.64%,26240,11.30%,29055,12.51%,7928,3.41%,39659,17.08%,63073,27.16%,11363,4.89%,536.4
36,E06000036,"""Bracknell Forest""","""South East""",2035,755,0.84%,89743,38209,29.53%,20816,16.09%,23003,17.78%,6002,4.64%,13998,10.82%,20970,16.21%,6379,4.93%,512.1
43,E06000043,"""Brighton and Hove""","""South East""",2035,"2,148",0.94%,229024,35633,26.18%,21498,15.80%,22796,16.75%,6636,4.88%,15917,11.69%,26583,19.53%,7042,5.17%,561.8
23,E06000023,"""Bristol, City of""","""South West""",2035,"3,530",1.01%,349653,28384,28.04%,15829,15.63%,16561,16.36%,4825,4.77%,11760,11.62%,18801,18.57%,5084,5.02%,572.2
210,E07000192,"""Cannock Chase""","""West Midlands""",2035,639,0.81%,79027,31550,28.42%,14947,13.46%,18225,16.42%,6366,5.73%,14572,13.13%,21013,18.93%,4338,3.91%,623.5
102,E07000069,"""Castle Point""","""East of England""",2035,493,0.67%,73142,12047,17.24%,8433,12.07%,11361,16.26%,3044,4.36%,8456,12.10%,23946,34.27%,2581,3.69%,634.9
55,E06000056,"""Central Bedfordshire""","""East of England""",2035,"1,808",0.88%,204602,16583,18.89%,10532,12.00%,13516,15.40%,4049,4.61%,10377,11.82%,29277,33.35%,3443,3.92%,550.9
48,E06000049,"""Cheshire East""","""North East""",2035,"2,109",0.69%,304374,22953,22.57%,13799,13.57%,17362,17.07%,4305,4.23%,11687,11.49%,27501,27.04%,4110,4.04%,520.3
49,E06000050,"""Cheshire West and Chester""","""North East""",2035,"1,993",0.73%,271473,18136,20.34%,12038,13.50%,14825,16.63%,5165,5.79%,12242,13.73%,23537,26.40%,3220,3.61%,584.6
294,E09000001,"""City of London""",London,2035,63,0.93%,6755,7403,24.81%,4066,13.62%,4989,16.72%,1195,4.00%,3189,10.69%,7415,24.85%,1587,5.32%,544.4
47,E06000047,"""County Durham""","""North East""",2035,"3,118",0.73%,425258,16367,22.79%,10385,14.46%,12560,17.49%,2818,3.92%,8337,11.61%,18539,25.81%,2815,3.92%,511.1
75,E07000035,"""Derbyshire Dales""","""East Midlands""",2035,376,0.63%,59299,42366,22.97%,31049,16.84%,32694,17.73%,6951,3.77%,21334,11.57%,40146,21.77%,9891,5.36%,512.7
62,E07000009,"""East Cambridgeshire""","""East of England""",2035,501,0.74%,67481,20455,32.89%,9520,15.31%,10195,16.39%,2308,3.71%,7064,11.36%,9853,15.84%,2797,4.50%,608.2
80,E07000040,"""East Devon""","""South West""",2035,822,0.73%,112002,17421,32.70%,7705,14.46%,8126,15.25%,1745,3.28%,4954,9.30%,8060,15.13%,5264,9.88%,496.1
89,E07000049,"""East Dorset""","""South West""",2035,377,0.51%,73557,110892,27.71%,56413,14.10%,59350,14.83%,15131,3.78%,45101,11.27%,87397,21.84%,25837,6.46%,407.6
118,E07000085,"""East Hampshire""","""South East""",2035,651,0.69%,94019,33377,22.56%,20823,14.08%,25408,17.18%,5235,3.54%,18217,12.31%,37989,25.68%,6886,4.65%,646.5
256,E07000242,"""East Hertfordshire""","""East of England""",2035,876,0.80%,110139,15904,16.57%,10906,11.36%,13778,14.35%,3021,3.15%,13216,13.77%,34782,36.23%,4401,4.58%,520.7
166,E07000137,"""East Lindsey""","""East Midlands""",2035,738,0.64%,115418,10864,14.75%,7858,10.67%,11150,15.13%,2420,3.28%,8143,11.05%,30179,40.96%,3065,4.16%,472.6
181,E07000152,"""East Northamptonshire""","""East Midlands""",2035,577,0.83%,69576,12758,18.45%,8865,12.82%,10957,15.85%,2236,3.23%,8225,11.90%,23267,33.65%,2830,4.09%,563.6
11,E06000011,"""East Riding of Yorkshire""","""Yorkshire and The Humber""",2035,"1,781",0.64%,278333,74119,30.26%,37763,15.42%,41607,16.99%,10958,4.47%,26126,10.67%,41714,17.03%,12622,5.15%,584.6
211,E07000193,"""East Staffordshire""","""West Midlands""",2035,739,0.80%,91821,22885,25.04%,13376,14.64%,15941,17.44%,3371,3.69%,11049,12.09%,20071,21.96%,4689,5.13%,565.1
105,E07000072,"""Epping Forest""","""East of England""",2035,770,0.76%,101708,16181,17.56%,12058,13.08%,15691,17.03%,5058,5.49%,12403,13.46%,27419,29.75%,3343,3.63%,543.9
226,E07000208,"""Epsom and Ewell""","""South East""",2035,465,0.77%,60371,14347,21.61%,10754,16.20%,12046,18.14%,3292,4.96%,8883,13.38%,14265,21.48%,2815,4.24%,505.6
113,E07000080,"""Forest of Dean""","""South West""",2035,483,0.54%,88760,16948,26.05%,12211,18.77%,11167,17.16%,2328,3.58%,7282,11.19%,11468,17.63%,3657,5.62%,641.5
174,E07000145,"""Great Yarmouth""","""East of England""",2035,545,1.12%,48684,85554,25.44%,44435,13.21%,50474,15.01%,16232,4.83%,42257,12.56%,80275,23.87%,17082,5.08%,563.6
306,E09000013,"""Hammersmith and Fulham""",London,2035,"1,368",2.01%,67947,17276,21.45%,11126,13.82%,12662,15.72%,2723,3.38%,9511,11.81%,23690,29.42%,3546,4.40%,569
19,E06000019,"""Herefordshire, County of""","""West Midlands""",2035,"1,094",1.37%,79748,111532,28.72%,48659,12.53%,55019,14.17%,9866,2.54%,59067,15.21%,87126,22.44%,17046,4.39%,478.5
77,E07000037,"""High Peak""","""East Midlands""",2035,533,0.35%,152863,25944,30.36%,13414,15.70%,14087,16.49%,3143,3.68%,10376,12.14%,13978,16.36%,4506,5.27%,462.5
161,E07000132,"""Hinckley and Bosworth""","""East Midlands""",2035,709,0.47%,151962,8808,21.36%,5793,14.05%,6794,16.48%,1994,4.84%,5225,12.67%,10785,26.15%,1838,4.46%,476.7
46,E06000046,"""Isle of Wight""","""South East""",2035,734,0.85%,86475,38113,22.54%,25243,14.93%,26773,15.84%,6037,3.57%,20905,12.37%,40021,23.67%,11964,7.08%,563.6
52,E06000053,"""Isles of Scilly""","""South West""",2035,5,0.00%,115589,63991,25.59%,30619,12.24%,32333,12.93%,5715,2.29%,46411,18.56%,54875,21.94%,16160,6.46%,481.7
313,E09000020,"""Kensington and Chelsea""",London,2035,"1,022",55.04%,1857,14835,16.38%,9411,10.39%,13032,14.39%,3061,3.38%,11861,13.10%,35307,38.99%,3044,3.36%,658.1
175,E07000146,"""King's Lynn and West Norfolk""","""East of England""",2035,795,0.59%,134267,5453,17.77%,3729,12.15%,5373,17.51%,1114,3.63%,3834,12.50%,10096,32.90%,1084,3.53%,492.8
10,E06000010,"""Kingston upon Hull, City of""","""Yorkshire and The Humber""",2035,"1,642",1.34%,122639,15534,25.74%,9661,16.01%,9932,16.46%,2489,4.12%,6544,10.84%,12307,20.39%,3881,6.43%,537.1
314,E09000021,"""Kingston upon Thames""",London,2035,"1,180",0.57%,208040,21885,29.92%,13177,18.02%,12997,17.77%,3393,4.64%,7780,10.64%,10693,14.62%,3217,4.40%,598.2
249,E07000235,"""Malvern Hills""","""West Midlands""",2035,426,0.33%,129790,39644,19.38%,30583,14.95%,34714,16.97%,9623,4.70%,25869,12.64%,55793,27.27%,8376,4.09%,619.6
82,E07000042,"""Mid Devon""","""South West""",2035,483,0.76%,63200,14127,20.93%,8844,13.11%,10556,15.64%,2928,4.34%,7700,11.41%,19583,29.02%,3743,5.55%,616.7
221,E07000203,"""Mid Suffolk""","""East of England""",2035,588,0.75%,78907,18959,17.21%,14893,13.52%,18440,16.74%,3481,3.16%,13145,11.93%,36867,33.47%,4354,3.95%,752.8
246,E07000228,"""Mid Sussex""","""South East""",2035,863,0.77%,112755,24360,23.95%,15839,15.57%,16544,16.27%,3364,3.31%,11261,11.07%,25769,25.34%,4571,4.49%,667.3
42,E06000042,"""Milton Keynes""","""South East""",2035,"1,654",0.86%,193429,21900,24.67%,13239,14.92%,15510,17.47%,3394,3.82%,10582,11.92%,19324,21.77%,4811,5.42%,537.1
228,E07000210,"""Mole Valley""","""South East""",2035,452,0.65%,69580,16664,24.52%,9750,14.35%,11416,16.80%,3045,4.48%,8128,11.96%,16285,23.97%,2659,3.91%,451.8
124,E07000091,"""New Forest""","""South East""",2035,868,0.59%,147514,35909,29.28%,17770,14.49%,19850,16.19%,4680,3.82%,13464,10.98%,23455,19.13%,7511,6.12%,536.9
198,E07000175,"""Newark and Sherwood""","""East Midlands""",2035,721,0.77%,93957,16731,14.84%,15153,13.44%,19560,17.35%,3799,3.37%,14858,13.18%,37917,33.63%,4737,4.20%,522.9
277,E08000021,"""Newcastle upon Tyne""","""North East""",2035,"2,073",0.89%,232203,19289,21.75%,12232,13.79%,15306,17.26%,3885,4.38%,11685,13.17%,22559,25.43%,3744,4.22%,679.5
213,E07000195,"""Newcastle-under-Lyme""","""West Midlands""",2035,821,0.80%,102813,32539,19.61%,22752,13.71%,28542,17.20%,7247,4.37%,21012,12.66%,47041,28.35%,6781,4.09%,440.4
83,E07000043,"""North Devon""","""South West""",2035,544,0.70%,77378,39618,18.61%,31661,14.88%,35490,16.67%,11435,5.37%,29111,13.68%,56805,26.69%,8717,4.10%,691.4
90,E07000050,"""North Dorset""","""South West""",2035,377,0.67%,56230,17827,16.47%,13133,12.13%,16120,14.89%,4116,3.80%,12936,11.95%,39727,36.71%,4373,4.04%,539.7
78,E07000038,"""North East Derbyshire""","""East Midlands""",2035,564,0.68%,82699,20277,22.36%,13260,14.62%,15616,17.22%,3565,3.93%,10868,11.98%,22278,24.57%,4819,5.31%,601.9
12,E06000012,"""North East Lincolnshire""","""Yorkshire and The Humber""",2035,848,0.66%,129377,39950,27.86%,20522,14.31%,23930,16.69%,6251,4.36%,17408,12.14%,29924,20.87%,5387,3.76%,920.5
131,E07000099,"""North Hertfordshire""","""East of England""",2035,785,0.77%,102388,21560,26.58%,10406,12.83%,13005,16.03%,3369,4.15%,9943,12.26%,19255,23.74%,3568,4.40%,537.1
168,E07000139,"""North Kesteven""","""East Midlands""",2035,669,0.75%,88700,18510,20.54%,11674,12.96%,16101,17.87%,3295,3.66%,11068,12.28%,25348,28.13%,4113,4.56%,537.1
13,E06000013,"""North Lincolnshire""","""Yorkshire and The Humber""",2035,960,0.71%,136105,40719,19.96%,18928,9.28%,17734,8.70%,1821,0.89%,20643,10.12%,83675,41.03%,20433,10.02%,688.7
176,E07000147,"""North Norfolk""","""East of England""",2035,528,0.61%,86830,9077,20.33%,5767,12.92%,7519,16.84%,1740,3.90%,5306,11.88%,13410,30.03%,1833,4.11%,618.9
24,E06000024,"""North Somerset""","""South West""",2035,"1,259",0.76%,165914,60890,32.33%,26913,14.29%,30550,16.22%,7716,4.10%,21342,11.33%,32724,17.38%,8200,4.35%,603.5
278,E08000022,"""North Tyneside""","""North East""",2035,"1,233",0.75%,165088,25645,20.37%,17313,13.75%,19129,15.20%,4939,3.92%,14882,11.82%,35417,28.14%,8546,6.79%,562.5
236,E07000218,"""North Warwickshire""","""West Midlands""",2035,418,0.82%,51049,233835,28.23%,110158,13.30%,113967,13.76%,17654,2.13%,107913,13.03%,190335,22.98%,54501,6.58%,615.7
163,E07000134,"""North West Leicestershire""","""East Midlands""",2035,706,0.93%,75791,47721,19.21%,25718,10.35%,26967,10.85%,3059,1.23%,24163,9.73%,82619,33.25%,38211,15.38%,584.6
237,E07000219,"""Nuneaton and Bedworth""","""West Midlands""",2035,808,0.80%,101244,11651,19.38%,8543,14.21%,10328,17.18%,1979,3.29%,6867,11.42%,18441,30.68%,2306,3.84%,466.8
164,E07000135,"""Oadby and Wigston""","""East Midlands""",2035,314,0.68%,46359,44572,17.91%,33858,13.61%,40025,16.09%,6773,2.72%,28644,11.51%,82304,33.08%,12630,5.08%,814.7
3,E06000003,"""Redcar and Cleveland""","""North East""",2035,744,0.67%,111011,16413,21.29%,9875,12.81%,12191,15.81%,3139,4.07%,9056,11.74%,23551,30.54%,2882,3.74%,485
229,E07000211,"""Reigate and Banstead""","""South East""",2035,892,0.81%,110725,20512,29.34%,10075,14.41%,11046,15.80%,3251,4.65%,8606,12.31%,13092,18.73%,3333,4.77%,648.7
153,E07000124,"""Ribble Valley""","""North West""",2035,338,0.73%,46552,25778,20.46%,14824,11.77%,18056,14.33%,4212,3.34%,22117,17.56%,34385,27.30%,6599,5.24%,657.9
320,E09000027,"""Richmond upon Thames""",London,2035,"1,178",0.79%,150052,22331,19.69%,17202,15.17%,17949,15.82%,4671,4.12%,13210,11.65%,31830,28.06%,6229,5.49%,626.6
141,E07000112,"""Shepway, Folkestone and Hythe""","""South East""",2035,663,1.22%,54201,13439,27.63%,8405,17.28%,8330,17.13%,2005,4.12%,5393,11.09%,7254,14.91%,3811,7.84%,564.3
59,E07000006,"""South Buckinhamshire""","""South East""",2035,792,0.66%,119342,16334,21.12%,13410,17.34%,14036,18.15%,3310,4.28%,8930,11.55%,17053,22.05%,4269,5.52%,664.9
65,E07000012,"""South Cambridgeshire""","""East of England""",2035,911,1.20%,75910,46192,28.04%,23592,14.32%,25601,15.54%,8563,5.20%,18611,11.30%,35409,21.50%,6748,4.10%,508.4
79,E07000039,"""South Derbyshire""","""East Midlands""",2035,730,0.34%,212837,31997,16.75%,20852,10.92%,24447,12.80%,3271,1.71%,19870,10.40%,70218,36.76%,20343,10.65%,534.9
25,E06000025,"""South Gloucestershire""","""South West""",2035,"1,958",2.80%,69868,41548,19.14%,30336,13.98%,30853,14.22%,6316,2.91%,27094,12.48%,60854,28.04%,20042,9.23%,638.1
84,E07000044,"""South Hams""","""South West""",2035,457,0.62%,73354,17942,27.99%,8868,13.84%,10400,16.23%,3547,5.53%,8043,12.55%,12132,18.93%,3160,4.93%,617
169,E07000140,"""South Holland""","""East Midlands""",2035,572,0.52%,109085,29448,16.99%,13943,8.05%,14552,8.40%,1743,1.01%,16904,9.75%,83276,48.05%,13434,7.75%,477.3
170,E07000141,"""South Kesteven""","""East Midlands""",2035,748,0.85%,87777,25915,20.65%,18336,14.61%,22108,17.62%,5112,4.07%,15246,12.15%,32154,25.63%,6605,5.26%,544.3
71,E07000031,"""South Lakeland""","""North West""",2035,540,0.53%,101717,12637,20.31%,6957,11.18%,9636,15.49%,2385,3.83%,7068,11.36%,21113,33.93%,2423,3.89%,639.3
178,E07000149,"""South Norfolk""","""East of England""",2035,885,1.29%,68624,25073,22.63%,14129,12.75%,15342,13.85%,2858,2.58%,16885,15.24%,30722,27.73%,5796,5.23%,518.6
184,E07000155,"""South Northamptonshire""","""East Midlands""",2035,577,0.53%,108232,36158,25.02%,22288,15.42%,23338,16.15%,5037,3.49%,15589,10.79%,29245,20.24%,12840,8.89%,518.6
202,E07000179,"""South Oxfordshire""","""South East""",2035,816,0.92%,89163,16134,23.63%,12132,17.77%,12531,18.35%,2956,4.33%,8158,11.95%,13659,20.01%,2701,3.96%,578.4
155,E07000126,"""South Ribble""","""North West""",2035,610,0.46%,132625,14390,21.52%,12065,18.04%,11941,17.86%,2521,3.77%,7889,11.80%,14762,22.08%,3298,4.93%,575.9
207,E07000189,"""South Somerset""","""South West""",2035,872,0.96%,90506,39616,34.30%,17499,15.15%,18751,16.24%,4740,4.10%,11002,9.53%,18340,15.88%,5547,4.80%,472.5
214,E07000196,"""South Staffordshire""","""West Midlands""",2035,638,0.52%,122200,32643,26.45%,22396,18.15%,21639,17.53%,4218,3.42%,13483,10.93%,21519,17.44%,7509,6.08%,572.1
279,E08000023,"""South Tyneside""","""North East""",2035,864,0.61%,140621,11232,17.72%,8791,13.87%,10919,17.22%,2092,3.30%,7594,11.98%,20251,31.94%,2520,3.97%,681.7
33,E06000033,"""Southend-on-Sea""","""East of England""",2035,"1,131",1.02%,110590,12513,17.45%,9501,13.25%,10752,15.00%,2104,2.93%,8361,11.66%,23082,32.20%,5380,7.50%,647.5
254,E07000240,"""St Albans""","""East of England""",2035,823,0.91%,90683,28447,29.83%,13550,14.21%,15490,16.24%,5196,5.45%,11128,11.67%,17052,17.88%,4506,4.72%,537.1
222,E07000204,"""St Edmundsbury""","""East of England""",2035,518,0.36%,143372,59806,19.65%,36823,12.10%,48576,15.96%,12395,4.07%,37854,12.44%,97248,31.95%,11672,3.83%,625.8
270,E08000013,"""St. Helens""","""North West""",2035,"1,077",1.33%,81106,56940,20.97%,36010,13.26%,42655,15.71%,10727,3.95%,35042,12.91%,79712,29.36%,10387,3.83%,592.5
216,E07000198,"""Staffordshire Moorlands""","""West Midlands""",2035,530,0.34%,154503,116948,27.50%,57032,13.41%,67905,15.97%,17694,4.16%,57957,13.63%,91249,21.46%,16473,3.87%,518
4,E06000004,"""Stockton-on-Tees""","""North East""",2035,"1,127",0.56%,200642,27529,26.78%,13094,12.74%,16098,15.66%,3976,3.87%,14874,14.47%,23121,22.49%,4121,4.01%,536.7
21,E06000021,"""Stoke-on-Trent""","""West Midlands""",2035,"1,635",1.63%,100042,14253,27.92%,7800,15.28%,8551,16.75%,2091,4.10%,6079,11.91%,10096,19.78%,2179,4.27%,555.8
239,E07000221,"""Stratford-on-Avon""","""West Midlands""",2035,792,0.77%,102401,18363,16.58%,14587,13.17%,18345,16.57%,3237,2.92%,13294,12.01%,37602,33.96%,5297,4.78%,492
223,E07000205,"""Suffolk Coastal""","""East of England""",2035,653,0.94%,69302,14268,12.90%,11061,10.00%,14763,13.35%,3076,2.78%,11518,10.42%,51251,46.34%,4653,4.21%,507.9
232,E07000214,"""Surrey Heath""","""South East""",2035,491,0.54%,90109,19345,19.34%,11971,11.97%,15619,15.61%,3619,3.62%,11712,11.71%,33396,33.38%,4380,4.38%,523.4
208,E07000190,"""Taunton Deane""","""South West""",2035,436,0.33%,132440,11918,18.91%,9337,14.81%,10742,17.04%,2762,4.38%,7416,11.77%,18158,28.81%,2698,4.28%,492
20,E06000020,"""Telford and Wrekin""","""West Midlands""",2035,"1,165",1.23%,94414,21247,21.78%,15704,16.10%,16831,17.26%,4180,4.29%,12832,13.16%,21651,22.20%,5086,5.21%,485
126,E07000093,"""Test Valley""","""South East""",2035,729,1.04%,69819,24746,25.04%,14619,14.80%,16913,17.12%,4787,4.84%,11812,11.95%,22017,22.28%,3913,3.96%,494.6
132,E07000102,"""Three Rivers""","""East of England""",2035,530,0.55%,95821,33002,29.89%,15053,13.63%,16891,15.30%,4874,4.41%,14542,13.17%,20472,18.54%,5575,5.05%,497.5
144,E07000115,"""Tonbridge and Malling""","""South East""",2035,804,0.39%,203953,62584,23.87%,35791,13.65%,43363,16.54%,11823,4.51%,31650,12.07%,67024,25.57%,9927,3.79%,515.3
323,E09000030,"""Tower Hamlets""",London,2035,"2,935",3.21%,91483,66036,29.05%,35248,15.51%,36935,16.25%,11411,5.02%,27289,12.00%,41337,18.18%,9058,3.98%,462
145,E07000116,"""Tunbridge Wells""","""South East""",2035,686,0.70%,97867,14422,25.39%,7710,13.57%,8912,15.69%,5229,9.21%,7791,13.72%,10785,18.99%,1947,3.43%,549.5
203,E07000180,"""Vale of White Horse""","""South East""",2035,884,0.44%,203131,32485,28.72%,16211,14.33%,17221,15.22%,4428,3.91%,12923,11.42%,22416,19.82%,7438,6.58%,445.9
324,E09000031,"""Waltham Forest""",London,2035,"1,941",2.15%,90369,15915,10.61%,11075,7.38%,15916,10.61%,2304,1.54%,15920,10.61%,79584,53.04%,9338,6.22%,586.9
255,E07000241,"""Welwyn Hatfield""","""East of England""",2035,831,0.68%,122731,11955,17.42%,9609,14.00%,11442,16.67%,3058,4.46%,8559,12.47%,21308,31.05%,2693,3.92%,507.6
37,E06000037,"""West Berkshire""","""South East""",2035,849,1.90%,44652,21699,23.98%,12597,13.92%,14973,16.54%,3631,4.01%,11356,12.55%,22707,25.09%,3543,3.91%,519.1
87,E07000047,"""West Devon""",South West,2035,297,0.36%,83536,36728,23.77%,21465,13.89%,26049,16.86%,8085,5.23%,20952,13.56%,35250,22.82%,5974,3.87%,520.2
92,E07000052,"""West Dorset""","""South West""",2035,377,0.42%,90712,15054,17.65%,11324,13.27%,13461,15.78%,3352,3.93%,10513,12.32%,28076,32.91%,3532,4.14%,520.4
156,E07000127,"""West Lancashire""","""North West""",2035,619,0.84%,73753,30345,31.38%,15846,16.39%,15901,16.44%,4174,4.32%,11626,12.02%,14595,15.09%,4211,4.35%,579.9
171,E07000142,"""West Lindsey""","""East Midlands""",2035,510,0.60%,85312,57888,26.35%,31152,14.18%,34731,15.81%,9396,4.28%,26408,12.02%,48688,22.16%,11447,5.21%,430.6
204,E07000181,"""West Oxfordshire""","""South East""",2035,618,2.07%,29844,29720,19.15%,20105,12.95%,24086,15.52%,5852,3.77%,24412,15.73%,40951,26.38%,10098,6.51%,489.1
209,E07000191,"""West Somerset""","""South West""",2035,436,0.80%,54306,38943,23.80%,22314,13.64%,26507,16.20%,7989,4.88%,20079,12.27%,40881,24.98%,6932,4.24%,483.7
93,E07000053,"""Weymouth and Portland""","""South West""",2035,377,0.33%,115900,12606,11.89%,7294,6.88%,9159,8.64%,2024,1.91%,17943,16.93%,50169,47.33%,6812,6.43%,535.3
40,E06000040,"""Windsor and Maidenhead""","""South East""",2035,845,1.04%,81190,25844,18.86%,20510,14.97%,23744,17.33%,4977,3.63%,17085,12.47%,39452,28.80%,5391,3.93%,522
253,E07000239,"""Wyre Forest""","""West Midlands""",2035,585,1.16%,50579,27440,19.40%,20294,14.35%,23629,16.71%,4772,3.37%,19572,13.84%,38412,27.16%,7308,5.17%,533.1
241,E07000223,Adur,"""South East""",2035,355,0.44%,80155,99237,22.43%,59206,13.38%,76782,17.36%,20102,4.54%,57917,13.09%,110518,24.99%,18570,4.20%,700.2
66,E07000026,Allerdale,"""North West""",2035,507,0.40%,126164,55736,22.99%,31158,12.85%,33389,13.77%,4715,1.94%,25557,10.54%,69627,28.72%,22283,9.19%,473.4
242,E07000224,Arun,"""South East""",2035,891,0.92%,96698,21980,23.59%,12775,13.71%,14737,15.81%,4240,4.55%,11999,12.88%,23601,25.33%,3854,4.14%,577.7
193,E07000170,Ashfield,"""East Midlands""",2035,816,0.87%,93411,12461,18.05%,9158,13.27%,11275,16.33%,3165,4.58%,8340,12.08%,21982,31.84%,2653,3.84%,574.2
134,E07000105,Ashford,"""South East""",2035,805,1.12%,71821,27723,25.81%,17054,15.88%,17469,16.27%,4098,3.82%,12269,11.42%,22152,20.63%,6631,6.17%,450.5
218,E07000200,Babergh,"""East of England""",2035,497,0.18%,282152,35352,14.24%,21169,8.53%,24408,9.83%,2640,1.06%,23988,9.66%,115758,46.62%,24985,10.06%,524.5
296,E09000003,Barnet,London,2035,"2,664",1.41%,188335,142481,23.21%,77294,12.59%,86614,14.11%,22893,3.73%,90497,14.74%,165429,26.94%,28784,4.69%,505.4
273,E08000016,Barnsley,"""Yorkshire and the Humber""",2035,"1,498",1.08%,139198,36953,23.62%,22813,14.58%,22720,14.52%,5151,3.29%,17332,11.08%,34814,22.25%,16662,10.65%,547.3
99,E07000066,Basildon,"""East of England""",2035,"1,135",1.22%,92702,93765,23.11%,44981,11.09%,48749,12.02%,6902,1.70%,65100,16.05%,117243,28.90%,28969,7.14%,497.2
194,E07000171,Bassetlaw,"""East Midlands""",2035,688,0.55%,125871,51620,29.59%,25521,14.63%,27578,15.81%,7325,4.20%,20422,11.71%,32458,18.61%,9514,5.45%,471.7
54,E06000055,Bedford,"""East of England""",2035,"1,044",0.57%,184431,20031,28.16%,9477,13.32%,10758,15.12%,3404,4.79%,8914,12.53%,14392,20.23%,4152,5.84%,430.2
297,E09000004,Bexley,London,2035,"1,555",0.19%,828363,26601,23.45%,14311,12.62%,16410,14.47%,4380,3.86%,17171,15.14%,27930,24.62%,6619,5.84%,485.4
281,E08000025,Birmingham,"""West Midlands""",2035,"7,532",9.87%,76334,47906,28.70%,24521,14.69%,27351,16.39%,6122,3.67%,19597,11.74%,32371,19.39%,9048,5.42%,471.3
158,E07000129,Blaby,"""East Midlands""",2035,681,0.58%,116699,13130,23.96%,7504,13.69%,9068,16.54%,2201,4.02%,7146,13.04%,13776,25.13%,1986,3.62%,536.3
9,E06000009,Blackpool,"""North West""",2035,776,1.25%,62192,51175,27.11%,26189,13.87%,29161,15.45%,6337,3.36%,23870,12.64%,42103,22.30%,9945,5.27%,526
73,E07000033,Bolsover,"""East Midlands""",2035,500,0.23%,219710,56921,25.14%,31674,13.99%,37522,16.57%,8810,3.89%,28214,12.46%,54490,24.06%,8804,3.89%,518.8
258,E08000001,Bolton,"""North West""",2035,"1,691",3.17%,53275,47430,20.64%,30962,13.47%,36785,16.01%,9276,4.04%,27896,12.14%,68506,29.81%,8967,3.90%,590.2
165,E07000136,Boston,"""East Midlands""",2035,465,0.30%,155224,49547,28.05%,28347,16.05%,30600,17.33%,7886,4.47%,21371,12.10%,30994,17.55%,7871,4.46%,472.2
28,E06000028,Bournemouth,"""South West""",2035,781,0.20%,400121,33573,18.57%,22490,12.44%,28590,15.82%,6165,3.41%,21078,11.66%,61051,33.78%,7807,4.32%,648.8
288,E08000032,Bradford,"""Yorkshire and the Humber""",2035,"3,179",2.69%,118098,33815,20.68%,23846,14.59%,27000,16.52%,6699,4.10%,20593,12.60%,44870,27.45%,6654,4.07%,551.4
100,E07000067,Braintree,"""East of England""",2035,852,0.79%,107507,70486,27.34%,39403,15.28%,44174,17.13%,12135,4.71%,31368,12.17%,50374,19.54%,9885,3.83%,516.8
172,E07000143,Breckland,"""East of England""",2035,809,0.33%,248458,61014,23.42%,35570,13.65%,44986,17.27%,11048,4.24%,32688,12.55%,65809,25.26%,9383,3.60%,532.9
298,E09000005,Brent,London,2035,"2,266",3.77%,60115,23409,25.88%,12155,13.44%,15052,16.64%,4370,4.83%,10898,12.05%,20793,22.98%,3790,4.19%,500.2
101,E07000068,Brentwood,"""East of England""",2035,433,0.42%,103657,24059,17.36%,19099,13.78%,22857,16.50%,5014,3.62%,16894,12.19%,44291,31.96%,6353,4.58%,683.3
173,E07000144,Broadland,"""East of England""",2035,741,0.30%,248806,23226,17.34%,19647,14.67%,21918,16.36%,5152,3.85%,16902,12.62%,40793,30.45%,6309,4.71%,676.2
299,E09000006,Bromley,London,2035,"2,027",2.63%,77107,14639,16.31%,13755,15.33%,15191,16.93%,3032,3.38%,11389,12.69%,27197,30.31%,4540,5.06%,663.8
248,E07000234,Bromsgrove,"""West Midlands""",2035,617,0.82%,74850,36775,16.06%,25190,11.00%,28769,12.56%,4854,2.12%,36599,15.98%,84423,36.86%,12414,5.42%,575.4
128,E07000095,Broxbourne,"""East of England""",2035,550,0.60%,90938,15857,16.87%,11719,12.46%,15640,16.63%,3338,3.55%,11986,12.75%,31844,33.87%,3635,3.87%,646.5
195,E07000172,Broxtowe,"""East Midlands""",2035,726,1.04%,69915,9559,15.83%,7395,12.25%,9504,15.74%,1723,2.85%,7278,12.06%,21720,35.98%,3192,5.29%,645.3
146,E07000117,Burnley,"""North West""",2035,499,0.34%,147935,28078,24.29%,16865,14.59%,19395,16.78%,5799,5.02%,14128,12.22%,26163,22.63%,5161,4.46%,482.6
259,E08000002,Bury,"""North West""",2035,"1,149",0.70%,163645,34850,18.02%,30794,15.92%,32222,16.66%,6579,3.40%,22205,11.48%,54591,28.22%,12188,6.30%,629.3
289,E08000033,Calderdale,"""Yorkshire and the Humber""",2035,"1,197",1.13%,106007,11111,15.97%,8129,11.68%,11198,16.09%,1960,2.82%,7896,11.35%,26396,37.94%,2890,4.15%,617.9
61,E07000008,Cambridge,"""East of England""",2035,897,0.49%,184873,31178,21.14%,19579,13.27%,24647,16.71%,8013,5.43%,17739,12.03%,40184,27.24%,6174,4.19%,633.1
300,E09000007,Camden,London,2035,"2,102",1.67%,125971,23550,25.06%,13423,14.29%,15088,16.06%,3795,4.04%,11169,11.89%,22698,24.16%,4234,4.51%,555.4
135,E07000106,Canterbury,"""South East""",2035,"1,061",1.19%,89042,8533,18.33%,5175,11.12%,7126,15.31%,2339,5.02%,5841,12.55%,15817,33.98%,1721,3.70%,663.3
68,E07000028,Carlisle,"""North West""",2035,571,0.41%,137878,18248,15.29%,13275,11.12%,17129,14.35%,4643,3.89%,13472,11.29%,47852,40.10%,4723,3.96%,492.4
159,E07000130,Charnwood,"""East Midlands""",2035,"1,346",0.98%,137003,16707,22.01%,10674,14.06%,12617,16.62%,3663,4.83%,9738,12.83%,19701,25.95%,2810,3.70%,683.3
103,E07000070,Chelmsford,"""East of England""",2035,"1,138",1.19%,96008,29089,21.93%,18212,13.73%,22503,16.97%,6922,5.22%,16481,12.43%,33228,25.05%,6190,4.67%,696.1
111,E07000078,Cheltenham,"""South West""",2035,708,0.62%,113422,32612,24.62%,20055,15.14%,23731,17.92%,4413,3.33%,17199,12.99%,27713,20.92%,6717,5.07%,735.2
200,E07000177,Cherwell,"""South East""",2035,934,1.09%,85595,19135,19.97%,14401,15.03%,16945,17.68%,3874,4.04%,11646,12.15%,25967,27.10%,3853,4.02%,571.7
74,E07000034,Chesterfield,"""East Midlands""",2035,598,0.63%,95161,15620,17.07%,11311,12.36%,15148,16.56%,2542,2.78%,11054,12.08%,31687,34.64%,4121,4.50%,720.9
243,E07000225,Chichester,"""South East""",2035,635,0.86%,73679,42262,20.81%,24934,12.27%,25845,12.72%,3494,1.72%,20340,10.01%,60914,29.99%,25342,12.48%,759.1
58,E07000005,Chiltern,"""South East""",2035,792,0.90%,87532,15550,17.21%,11791,13.05%,13544,14.99%,2866,3.17%,14211,15.73%,27123,30.01%,5284,5.85%,680.7
147,E07000118,Chorley,"""North West""",2035,755,1.87%,40289,16801,20.11%,10494,12.56%,13761,16.47%,3674,4.40%,9875,11.82%,25691,30.75%,3240,3.88%,634.9
88,E07000048,Christchurch,"""South West""",2035,781,0.55%,141427,12236,22.53%,8094,14.90%,9447,17.40%,2804,5.16%,7102,13.08%,12207,22.48%,2416,4.45%,561.7
104,E07000071,Colchester,"""East of England""",2035,"1,353",2.31%,58613,12936,25.58%,8063,15.94%,8324,16.46%,2207,4.36%,5655,11.18%,11122,21.99%,2272,4.49%,784.6
69,E07000029,Copeland,"""North West""",2035,339,0.70%,48637,31364,24.86%,17871,14.16%,21159,16.77%,5019,3.98%,14610,11.58%,28732,22.77%,7409,5.87%,537.8
179,E07000150,Corby,"""East Midlands""",2035,529,0.12%,442332,19777,21.17%,14578,15.61%,16639,17.81%,3602,3.86%,11229,12.02%,23007,24.63%,4579,4.90%,500.1
51,E06000052,Cornwall,"""South West""",2035,"3,317",4.80%,69138,43833,15.54%,27240,9.65%,34028,12.06%,3778,1.34%,28742,10.19%,113815,40.34%,30716,10.89%,556.2
112,E07000079,Cotswold,"""South West""",2035,525,0.21%,254106,28265,20.50%,16740,12.14%,19685,14.28%,6586,4.78%,23470,17.02%,36916,26.77%,6216,4.51%,555.9
282,E08000026,Coventry,"""West Midlands""",2035,"2,995",6.49%,46161,18566,19.51%,11035,11.60%,15164,15.94%,3252,3.42%,12149,12.77%,30820,32.39%,4175,4.39%,603.8
186,E07000163,Craven,Yorkshire and The Humber,2035,293,0.35%,84549,18594,21.24%,11760,13.44%,14210,16.23%,4225,4.83%,11052,12.63%,24361,27.83%,3330,3.80%,504.2
244,E07000226,Crawley,"""South East""",2035,737,0.26%,284268,9421,23.38%,5509,13.67%,6718,16.67%,2110,5.24%,4556,11.31%,10132,25.15%,1843,4.57%,683.3
301,E09000008,Croydon,London,2035,"2,334",2.01%,115983,21768,18.77%,17067,14.72%,18714,16.14%,4023,3.47%,13410,11.56%,35872,30.93%,5129,4.42%,581.4
129,E07000096,Dacorum,"""East of England""",2035,913,1.07%,85357,47731,24.10%,26294,13.27%,28681,14.48%,9793,4.94%,25838,13.04%,47955,24.21%,11784,5.95%,630.3
5,E06000005,Darlington,"""North East""",2035,569,0.74%,77342,44366,16.46%,26592,9.86%,28237,10.47%,3905,1.45%,25887,9.60%,99836,37.04%,40749,15.12%,576.8
136,E07000107,Dartford,"""South East""",2035,818,1.30%,63031,9968,22.67%,5914,13.45%,7253,16.49%,1637,3.72%,5286,12.02%,12059,27.42%,1859,4.23%,545.1
180,E07000151,Daventry,"""East Midlands""",2035,563,0.28%,198076,13628,13.23%,10451,10.15%,14320,13.90%,2280,2.21%,11400,11.07%,45170,43.85%,5756,5.59%,607.5
15,E06000015,Derby,"""East Midlands""",2035,"1,564",0.64%,244909,23808,25.89%,14091,15.32%,15197,16.53%,4851,5.28%,11350,12.34%,19015,20.68%,3636,3.95%,840.9
274,E08000017,Doncaster,"""Yorkshire and the Humber""",2035,"1,912",2.09%,91382,13497,21.17%,7638,11.98%,10560,16.56%,2678,4.20%,7826,12.27%,18982,29.77%,2576,4.04%,625.8
137,E07000108,Dover,"""South East""",2035,744,0.29%,253421,41082,20.63%,23896,12.00%,26189,13.15%,3766,1.89%,21250,10.67%,66120,33.20%,16860,8.47%,508.1
283,E08000027,Dudley,"""West Midlands""",2035,"1,894",0.70%,269572,15993,14.20%,12020,10.68%,15254,13.55%,3125,2.78%,16005,14.22%,44496,39.52%,5696,5.06%,570
302,E09000009,Ealing,London,2035,"2,084",2.52%,82691,27126,26.91%,16975,16.84%,18702,18.55%,3839,3.81%,12618,12.52%,17792,17.65%,3767,3.74%,784.5
94,E07000061,Eastbourne,"""South East""",2035,555,0.55%,101482,18649,25.38%,11600,15.78%,12830,17.46%,2220,3.02%,8877,12.08%,15604,21.23%,3708,5.05%,698
119,E07000086,Eastleigh,"""South East""",2035,795,1.81%,43976,50951,26.42%,32241,16.72%,33519,17.38%,7238,3.75%,21797,11.30%,37498,19.44%,9600,4.98%,444.8
70,E07000030,Eden,"""North West""",2035,274,0.27%,103005,15502,19.42%,11257,14.10%,12601,15.78%,2290,2.87%,8950,11.21%,24588,30.80%,4653,5.83%,515.6
225,E07000207,Elmbridge,"""South East""",2035,724,0.30%,242465,35084,17.33%,23767,11.74%,23364,11.54%,3401,1.68%,19798,9.78%,69955,34.56%,27055,13.37%,630.8
303,E09000010,Enfield,London,2035,"2,046",2.23%,91948,38763,17.72%,24225,11.07%,27248,12.46%,3160,1.44%,23694,10.83%,83127,38.00%,18532,8.47%,606.2
76,E07000036,Erewash,"""East Midlands""",2035,674,0.68%,99066,11749,23.13%,8153,16.05%,8771,17.26%,2355,4.64%,5692,11.20%,12009,23.64%,2075,4.08%,597.6
81,E07000041,Exeter,"""South West""",2035,976,1.06%,92153,48226,22.91%,35473,16.85%,38653,18.36%,9857,4.68%,26818,12.74%,40275,19.13%,11209,5.32%,580.6
120,E07000087,Fareham,"""South East""",2035,631,0.80%,78482,17287,13.64%,10519,8.30%,11341,8.95%,2338,1.84%,22581,17.82%,53977,42.59%,8682,6.85%,569.3
63,E07000010,Fenland,"""East of England""",2035,630,0.99%,63757,35405,21.17%,21980,13.14%,25073,14.99%,6545,3.91%,30068,17.98%,39630,23.69%,8555,5.11%,497.9
219,E07000201,Forest Heath,"""East of England""",2035,518,0.31%,164716,21834,17.39%,15328,12.21%,15407,12.27%,3170,2.52%,16875,13.44%,43690,34.79%,9278,7.39%,631.8
148,E07000119,Fylde,"""North West""",2035,442,0.47%,93186,18858,24.70%,10542,13.81%,12596,16.50%,2886,3.78%,8551,11.20%,19438,25.46%,3488,4.57%,499.7
293,E08000037,Gateshead,"""North East""",2035,"1,212",1.24%,97531,12176,18.27%,8490,12.74%,9616,14.43%,2248,3.37%,10095,15.15%,19945,29.92%,4083,6.13%,659.5
196,E07000173,Gedling,"""East Midlands""",2035,714,1.08%,66402,13947,18.63%,12318,16.46%,12838,17.15%,2703,3.61%,9362,12.51%,18493,24.71%,5193,6.94%,623.4
114,E07000081,Gloucester,"""South West""",2035,811,1.00%,80964,17753,19.20%,12708,13.74%,15189,16.42%,3158,3.41%,10267,11.10%,29580,31.98%,3826,4.14%,694.9
121,E07000088,Gosport,"""South East""",2035,456,0.23%,199163,21434,20.10%,15673,14.70%,14256,13.37%,2371,2.22%,10790,10.12%,27560,25.84%,14561,13.65%,572.6
138,E07000109,Gravesham,"""South East""",2035,605,0.54%,112589,40991,20.96%,25287,12.93%,27209,13.92%,7156,3.66%,33882,17.33%,48145,24.62%,12864,6.58%,532.2
304,E09000011,Greenwich,London,2035,"2,185",1.12%,195145,15947,20.42%,12546,16.07%,12564,16.09%,3056,3.91%,8882,11.37%,20262,25.95%,4832,6.19%,650.4
227,E07000209,Guildford,"""South East""",2035,947,0.94%,100819,29703,27.37%,17640,16.25%,18442,16.99%,4777,4.40%,12202,11.24%,20535,18.92%,5240,4.83%,552.4
305,E09000012,Hackney,London,2035,"2,183",2.95%,74039,11467,17.13%,8936,13.35%,11701,17.48%,1959,2.93%,8206,12.26%,22063,32.97%,2590,3.87%,644.3
6,E06000006,Halton,"""North West""",2035,754,1.09%,69034,30784,28.36%,16100,14.83%,17833,16.43%,4198,3.87%,12245,11.28%,21284,19.61%,6112,5.63%,504.3
187,E07000164,Hambleton,Yorkshire and The Humber,2035,459,0.23%,202856,14790,15.17%,10056,10.32%,14737,15.12%,2845,2.92%,11938,12.25%,39125,40.14%,3987,4.09%,768.6
160,E07000131,Harborough,"""East Midlands""",2035,570,0.88%,65061,24347,19.88%,16937,13.83%,21218,17.33%,4516,3.69%,14998,12.25%,35360,28.88%,5067,4.14%,578.2
307,E09000014,Haringey,London,2035,"1,922",1.49%,129036,13828,14.54%,9163,9.63%,13910,14.63%,2944,3.10%,13260,13.94%,38669,40.66%,3336,3.51%,682.8
106,E07000073,Harlow,"""East of England""",2035,521,0.27%,190998,12042,15.21%,9471,11.96%,11321,14.30%,2067,2.61%,8940,11.29%,30374,38.36%,4970,6.28%,708.7
188,E07000165,Harrogate,Yorkshire and The Humber,2035,797,1.10%,72681,16226,13.19%,14460,11.76%,18557,15.09%,4158,3.38%,15313,12.45%,49184,39.98%,5112,4.16%,703.2
308,E09000015,Harrow,London,2035,"1,501",2.02%,74228,18319,21.31%,12320,14.33%,14966,17.41%,3147,3.66%,10774,12.53%,22314,25.96%,4131,4.81%,543.5
122,E07000089,Hart,"""South East""",2035,562,0.76%,73488,23780,17.38%,17123,12.52%,20734,15.16%,4964,3.63%,16905,12.36%,45899,33.56%,7382,5.40%,683.3
1,E06000001,Hartlepool,"""North East""",2035,514,0.52%,98807,25140,17.17%,16175,11.05%,20828,14.22%,5472,3.74%,24095,16.45%,48910,33.40%,5819,3.97%,551.1
95,E07000062,Hastings,"""South East""",2035,520,0.27%,192844,70478,20.16%,41487,11.87%,44592,12.75%,10260,2.93%,51006,14.59%,114621,32.78%,17209,4.92%,553.8
123,E07000090,Havant,"""South East""",2035,722,0.90%,79841,23597,21.07%,14651,13.08%,19009,16.97%,4625,4.13%,12708,11.35%,32573,29.08%,4839,4.32%,479
309,E09000016,Havering,London,2035,"1,652",2.22%,74416,15830,21.52%,9897,13.45%,12047,16.38%,3884,5.28%,8505,11.56%,20364,27.68%,3030,4.12%,491.2
130,E07000098,Hertsmere,"""East of England""",2035,577,0.27%,217043,12505,25.69%,6597,13.55%,6893,14.16%,1961,4.03%,5003,10.28%,9325,19.15%,6400,13.15%,521.3
310,E09000017,Hillingdon,London,2035,"2,037",1.91%,106758,264,14.22%,201,10.82%,309,16.64%,78,4.20%,304,16.37%,613,33.01%,88,4.74%,631.1
245,E07000227,Horsham,"""South East""",2035,844,0.42%,202424,17621,22.33%,10963,13.89%,13279,16.83%,3247,4.11%,9820,12.45%,20864,26.44%,3113,3.95%,465.2
311,E09000018,Hounslow,London,2035,"1,795",1.31%,137157,11219,19.95%,7989,14.21%,10020,17.82%,2312,4.11%,7058,12.55%,15137,26.92%,2495,4.44%,426.9
64,E07000011,Huntingdonshire,"""East of England""",2035,"1,069",1.67%,64092,22277,26.94%,11752,14.21%,13731,16.60%,3632,4.39%,9838,11.90%,18340,22.18%,3129,3.78%,491.2
149,E07000120,Hyndburn,"""North West""",2035,461,0.43%,107396,39157,23.72%,23183,14.04%,26536,16.07%,8685,5.26%,19623,11.89%,41734,25.28%,6170,3.74%,608.8
220,E07000202,Ipswich,"""East of England""",2035,796,0.46%,173300,22628,30.85%,11195,15.26%,12070,16.45%,2710,3.69%,7354,10.03%,11586,15.79%,5811,7.92%,555
312,E09000019,Islington,London,2035,"1,971",2.63%,74809,23608,21.64%,15098,13.84%,18733,17.17%,5007,4.59%,13474,12.35%,27974,25.64%,5191,4.76%,473.6
182,E07000153,Kettering,"""East Midlands""",2035,652,0.19%,336309,34189,27.98%,17799,14.57%,19806,16.21%,7473,6.12%,14679,12.01%,23514,19.24%,4740,3.88%,490.5
290,E08000034,Kirklees,"""Yorkshire and the Humber""",2035,"2,610",2.23%,117225,17330,18.36%,12841,13.60%,15581,16.50%,4223,4.47%,11768,12.46%,28825,30.53%,3846,4.07%,508.7
268,E08000011,Knowsley,"""North West""",2035,850,0.34%,248300,16963,23.00%,10217,13.85%,12217,16.56%,3796,5.15%,8796,11.93%,18642,25.28%,3122,4.23%,491.2
315,E09000022,Lambeth,London,2035,"2,516",2.18%,115405,18134,15.65%,13448,11.60%,16685,14.40%,3476,3.00%,12933,11.16%,44500,38.40%,6724,5.80%,508.7
150,E07000121,Lancaster,"""North West""",2035,908,0.15%,613992,22579,27.81%,11553,14.23%,13076,16.11%,3058,3.77%,9258,11.40%,17916,22.07%,3750,4.62%,491.2
291,E08000035,Leeds,"""Yorkshire and the Humber""",2035,"5,052",1.94%,260560,26958,22.83%,19524,16.53%,21412,18.13%,4604,3.90%,14154,11.98%,26212,22.20%,5234,4.43%,539.9
16,E06000016,Leicester,"""East Midlands""",2035,"2,523",3.13%,80534,23618,27.59%,12252,14.31%,14567,17.02%,3441,4.02%,10342,12.08%,17994,21.02%,3381,3.95%,606.9
96,E07000063,Lewes,"""South East""",2035,563,0.26%,218749,15800,26.96%,8335,14.22%,9178,15.66%,3439,5.87%,7289,12.44%,12307,21.00%,2265,3.86%,539.9
316,E09000023,Lewisham,London,2035,"2,256",2.72%,83057,60799,23.93%,33782,13.29%,35777,14.08%,10256,4.04%,36184,14.24%,58566,23.05%,18742,7.38%,453.8
212,E07000194,Lichfield,"""West Midlands""",2035,593,0.76%,78190,9356,20.27%,5418,11.74%,7263,15.73%,2103,4.56%,5655,12.25%,14663,31.76%,1703,3.69%,590.4
167,E07000138,Lincoln,"""East Midlands""",2035,694,0.18%,388315,24523,31.25%,12253,15.61%,13323,16.98%,3173,4.04%,8151,10.39%,11677,14.88%,5382,6.86%,473.1
269,E08000012,Liverpool,"""North West""",2035,"3,529",2.26%,156445,19742,24.38%,13242,16.36%,13780,17.02%,3442,4.25%,8952,11.06%,16164,19.96%,5642,6.97%,501.2
32,E06000032,Luton,"""East of England""",2035,"1,274",1.02%,125476,19054,21.44%,12036,13.54%,15180,17.08%,3610,4.06%,10697,12.04%,24769,27.87%,3536,3.98%,484.5
139,E07000110,Maidstone,"""South East""",2035,"1,076",2.12%,50804,47073,22.26%,28541,13.49%,35452,16.76%,11004,5.20%,35009,16.55%,45379,21.46%,9044,4.28%,453.6
107,E07000074,Maldon,"""East of England""",2035,358,0.58%,62219,26108,21.40%,17573,14.41%,20298,16.64%,5917,4.85%,15229,12.48%,31143,25.53%,5718,4.69%,539.9
260,E08000003,Manchester,"""North West""",2035,"4,087",1.01%,405709,8122,21.56%,5401,14.33%,6328,16.79%,1891,5.02%,4559,12.10%,9687,25.71%,1690,4.49%,491.2
197,E07000174,Mansfield,"""East Midlands""",2035,671,0.79%,85448,23534,25.06%,13815,14.71%,16048,17.09%,4386,4.67%,11103,11.82%,20778,22.12%,4258,4.53%,476
35,E06000035,Medway,"""South East""",2035,"1,671",0.79%,210511,16788,18.20%,11898,12.90%,14372,15.58%,4296,4.66%,11257,12.20%,30324,32.87%,3316,3.59%,0
162,E07000133,Melton,"""East Midlands""",2035,264,0.64%,41237,34424,20.52%,29257,17.44%,29098,17.34%,7597,4.53%,19526,11.64%,38097,22.71%,9775,5.83%,582.6
205,E07000187,Mendip,"""South West""",2035,640,0.72%,88882,22353,21.55%,14007,13.50%,17189,16.57%,4632,4.47%,12196,11.76%,29014,27.97%,4347,4.19%,470.8
317,E09000024,Merton,London,2035,"1,307",0.81%,160840,12667,18.81%,9251,13.73%,11230,16.67%,2932,4.35%,8214,12.19%,20329,30.18%,2735,4.06%,538.9
2,E06000002,Middlesbrough,"""North East""",2035,801,0.73%,110409,28215,25.82%,16398,15.00%,18889,17.28%,5110,4.68%,12905,11.81%,22564,20.65%,5209,4.77%,425.4
318,E09000025,Newham,London,2035,"2,799",1.18%,238090,13550,25.41%,7599,14.25%,9320,17.48%,2626,4.92%,6434,12.07%,11552,21.67%,2240,4.20%,504.4
183,E07000154,Northampton,"""East Midlands""",2035,"1,402",0.83%,169056,70782,18.63%,53242,14.01%,65411,17.21%,14616,3.85%,48130,12.67%,112067,29.49%,15765,4.15%,535.4
56,E06000057,Northumberland,"""North East""",2035,"1,696",0.65%,262162,22278,28.19%,12884,16.30%,14034,17.76%,2861,3.62%,10021,12.68%,13606,17.22%,3343,4.23%,473.7
177,E07000148,Norwich,"""East of England""",2035,"1,000",0.90%,110805,22671,24.69%,13019,14.18%,14802,16.12%,3849,4.19%,10752,11.71%,21466,23.38%,5262,5.73%,532.3
18,E06000018,Nottingham,"""East Midlands""",2035,"2,427",0.97%,250104,19515,12.77%,10725,7.02%,12738,8.33%,1768,1.16%,16306,10.67%,75765,49.56%,16046,10.50%,485.7
261,E08000004,Oldham,"""North West""",2035,"1,470",0.84%,174438,14323,22.66%,8723,13.80%,10796,17.08%,2420,3.83%,7648,12.10%,16716,26.45%,2574,4.07%,510.2
201,E07000178,Oxford,"""South East""",2035,"1,055",0.83%,126725,18613,24.05%,11157,14.42%,13288,17.17%,3663,4.73%,9616,12.43%,17732,22.92%,3309,4.28%,499.9
151,E07000122,Pendle,"""North West""",2035,532,0.75%,71128,19691,25.98%,9988,13.18%,11639,15.36%,3426,4.52%,9411,12.42%,18402,24.28%,3234,4.27%,540.7
31,E06000031,Peterborough,"""East of England""",2035,"1,362",0.94%,144495,10461,22.57%,6144,13.25%,7008,15.12%,1976,4.26%,6796,14.66%,11476,24.75%,2498,5.39%,498.7
26,E06000026,Plymouth,"""South West""",2035,"1,636",0.77%,211502,34621,24.62%,23075,16.41%,24619,17.51%,4161,2.96%,16055,11.42%,30691,21.83%,7399,5.26%,590.6
29,E06000029,Poole,"""South West""",2035,781,0.64%,121986,67773,33.78%,28825,14.37%,31875,15.89%,7066,3.52%,23961,11.94%,31041,15.47%,10101,5.03%,569.6
44,E06000044,Portsmouth,"""South East""",2035,"1,486",0.89%,167256,21592,21.09%,13784,13.46%,17078,16.68%,4221,4.12%,11582,11.31%,29678,28.98%,4466,4.36%,505.8
152,E07000123,Preston,"""North West""",2035,928,0.82%,113422,10387,14.99%,9356,13.50%,11292,16.29%,2398,3.46%,8478,12.23%,23887,34.47%,3504,5.06%,602.4
91,E07000051,Purbeck,"""South West""",2035,377,1.00%,37678,12261,17.56%,9218,13.20%,11045,15.82%,2337,3.35%,8037,11.51%,23675,33.91%,3246,4.65%,498.9
38,E06000038,Reading,"""South East""",2035,"1,088",0.87%,125582,21636,26.99%,10960,13.67%,12969,16.18%,4020,5.02%,9236,11.52%,18254,22.77%,3080,3.84%,521.5
319,E09000026,Redbridge,London,2035,"2,057",0.95%,216112,36559,31.33%,18129,15.53%,19993,17.13%,4886,4.19%,13546,11.61%,18098,15.51%,5488,4.70%,531.8
250,E07000236,Redditch,"""West Midlands""",2035,493,0.73%,67656,21031,23.13%,11721,12.89%,13547,14.90%,4079,4.49%,11046,12.15%,25678,28.24%,3836,4.22%,591.3
189,E07000166,Richmondshire,Yorkshire and The Humber,2035,289,0.68%,42698,16995,20.10%,15257,18.05%,14427,17.06%,2887,3.41%,9555,11.30%,18214,21.54%,7214,8.53%,538.2
262,E08000005,Rochdale,"""North West""",2035,"1,418",0.85%,166916,19215,23.24%,11408,13.80%,13763,16.64%,2899,3.51%,10418,12.60%,20194,24.42%,4794,5.80%,542.2
108,E07000075,Rochford,"""East of England""",2035,522,0.76%,68271,17134,21.91%,10349,13.24%,12587,16.10%,2899,3.71%,14395,18.41%,16644,21.29%,4182,5.35%,628.6
154,E07000125,Rossendale,"""North West""",2035,436,0.80%,54811,16996,25.12%,10683,15.79%,11508,17.01%,2537,3.75%,8111,11.99%,14007,20.70%,3814,5.64%,462.4
97,E07000064,Rother,"""South East""",2035,489,0.64%,76359,15778,19.55%,10707,13.27%,12896,15.98%,4238,5.25%,9455,11.72%,22735,28.18%,4880,6.05%,594.2
275,E08000018,Rotherham,"""Yorkshire and the Humber""",2035,"1,561",0.75%,208018,85040,35.17%,34723,14.36%,35543,14.70%,6451,2.67%,25245,10.44%,37151,15.36%,17676,7.31%,461.3
238,E07000220,Rugby,"""West Midlands""",2035,697,0.86%,80689,56943,22.51%,33158,13.11%,42594,16.84%,9289,3.67%,30749,12.15%,69558,27.50%,10688,4.22%,521.5
230,E07000212,Runnymede,"""South East""",2035,560,0.84%,66653,38035,22.71%,22790,13.61%,26933,16.08%,5715,3.41%,19597,11.70%,47783,28.53%,6640,3.96%,751.9
199,E07000176,Rushcliffe,"""East Midlands""",2035,755,0.83%,90551,22150,20.39%,13804,12.71%,17192,15.83%,3751,3.45%,14057,12.94%,32887,30.28%,4785,4.41%,574.4
125,E07000092,Rushmoor,"""South East""",2035,570,0.76%,74854,16467,26.79%,10713,17.43%,10954,17.82%,2283,3.71%,7682,12.50%,10706,17.42%,2662,4.33%,493.4
17,E06000017,Rutland,"""East Midlands""",2035,232,0.76%,30683,71839,33.71%,31117,14.60%,32616,15.30%,6365,2.99%,23022,10.80%,35989,16.89%,12175,5.71%,482.9
190,E07000167,Ryedale,Yorkshire and The Humber,2035,303,0.70%,43200,18691,16.39%,11539,10.12%,14527,12.74%,3770,3.31%,16392,14.37%,43836,38.44%,5296,4.64%,670
263,E08000006,Salford,"""North West""",2035,"1,870",0.99%,188780,62467,31.23%,28187,14.09%,29790,14.89%,5497,2.75%,21199,10.60%,39021,19.51%,13886,6.94%,495
284,E08000028,Sandwell,"""West Midlands""",2035,"2,106",0.87%,241829,17116,21.32%,10235,12.75%,11928,14.86%,3116,3.88%,11644,14.50%,22211,27.66%,4041,5.03%,509.6
191,E07000168,Scarborough,Yorkshire and The Humber,2035,549,0.60%,91402,21458,22.11%,12694,13.08%,15170,15.63%,3912,4.03%,11241,11.58%,27870,28.72%,4694,4.84%,505
206,E07000188,Sedgemoor,"""South West""",2035,688,0.73%,93922,65035,23.37%,36228,13.02%,45111,16.21%,14051,5.05%,33672,12.10%,72004,25.87%,12232,4.39%,534.6
271,E08000014,Sefton,"""North West""",2035,"1,471",0.65%,226435,65851,31.65%,30362,14.59%,32099,15.43%,8371,4.02%,27284,13.11%,31687,15.23%,12386,5.95%,431
192,E07000169,Selby,Yorkshire and The Humber,2035,553,0.81%,68135,18416,17.99%,13480,13.17%,15758,15.39%,3565,3.48%,11632,11.36%,35242,34.42%,4295,4.19%,529.2
140,E07000111,Sevenoaks,"""South East""",2035,689,0.75%,92481,23838,27.45%,12236,14.09%,14106,16.25%,4087,4.71%,9137,10.52%,19326,22.26%,4100,4.72%,496.1
276,E08000019,Sheffield,"""Yorkshire and the Humber""",2035,"3,982",0.88%,452014,26393,28.47%,13513,14.58%,15245,16.45%,3847,4.15%,10453,11.28%,18761,20.24%,4490,4.84%,505.4
50,E06000051,Shropshire,"""West Midlands""",2035,"1,876",0.74%,252979,30057,27.96%,16104,14.98%,18149,16.88%,4276,3.98%,11917,11.08%,20046,18.65%,6958,6.47%,530.6
39,E06000039,Slough,"""South East""",2035,959,0.90%,106645,23451,12.68%,12556,6.79%,14454,7.82%,1558,0.84%,22340,12.08%,93453,50.55%,17061,9.23%,517.1
285,E08000029,Solihull,"""West Midlands""",2035,"1,278",0.76%,167493,75980,29.98%,36286,14.32%,42371,16.72%,8888,3.51%,30056,11.86%,48584,19.17%,11256,4.44%,503.6
45,E06000045,Southampton,"""South East""",2035,"1,831",0.94%,195534,40647,34.67%,17774,15.16%,18907,16.13%,4037,3.44%,13788,11.76%,18120,15.46%,3952,3.37%,505.6
321,E09000028,Southwark,London,2035,"2,456",1.05%,234901,74409,28.56%,33751,12.95%,32781,12.58%,5309,2.04%,33888,13.01%,55223,21.19%,25199,9.67%,557.3
231,E07000213,Spelthorne,"""South East""",2035,575,0.74%,78089,62076,29.84%,32284,15.52%,35048,16.85%,9065,4.36%,24001,11.54%,36165,17.39%,9379,4.51%,484.2
215,E07000197,Stafford,"""West Midlands""",2035,824,0.76%,108626,109841,24.30%,55566,12.29%,62097,13.74%,16192,3.58%,71594,15.84%,116007,25.66%,20717,4.58%,503.1
257,E07000243,Stevenage,"""East of England""",2035,537,0.80%,66866,82621,31.08%,38778,14.59%,42790,16.10%,11636,4.38%,28205,10.61%,48772,18.35%,12995,4.89%,486.8
264,E08000007,Stockport,"""North West""",2035,"1,723",0.75%,229822,29863,17.96%,17636,10.61%,23070,13.87%,7429,4.47%,27590,16.59%,53875,32.40%,6812,4.10%,585.8
115,E07000082,Stroud,"""South West""",2035,707,0.77%,92251,38396,27.90%,20904,15.19%,20617,14.98%,2888,2.10%,12759,9.27%,28715,20.87%,13334,9.69%,509.1
280,E08000024,Sunderland,"""North East""",2035,"1,535",0.68%,227314,454,6.72%,291,4.31%,445,6.59%,47,0.70%,484,7.17%,4618,68.36%,416,6.16%,"1,066.10"
322,E09000029,Sutton,London,2035,"1,268",0.83%,152158,26164,32.81%,12531,15.71%,12846,16.11%,3735,4.68%,8418,10.56%,11336,14.21%,4718,5.92%,886.5
142,E07000113,Swale,"""South East""",2035,960,0.88%,108539,13549,10.09%,7730,5.76%,10583,7.88%,952,0.71%,13460,10.02%,70731,52.68%,17262,12.86%,"1,187.60"
30,E06000030,Swindon,"""South West""",2035,"1,440",0.86%,167774,17400,13.41%,12665,9.76%,15792,12.17%,2568,1.98%,17482,13.47%,53782,41.44%,10101,7.78%,808.2
265,E08000008,Tameside,"""North West""",2035,"1,374",0.78%,176616,8954,16.52%,6395,11.80%,7997,14.75%,1865,3.44%,6034,11.13%,19977,36.86%,2979,5.50%,977.3
217,E07000199,Tamworth,"""West Midlands""",2035,412,0.67%,61467,16328,16.68%,11559,11.81%,14307,14.62%,3968,4.05%,11281,11.53%,36420,37.21%,4004,4.09%,837.1
233,E07000215,Tandridge,"""South East""",2035,492,0.74%,66922,21065,17.16%,17378,14.16%,19880,16.20%,4778,3.89%,14916,12.15%,39406,32.11%,5308,4.32%,681.5
85,E07000045,Teignbridge,"""South West""",2035,777,0.75%,103738,37084,26.64%,25629,18.41%,24568,17.65%,4986,3.58%,14961,10.75%,25939,18.63%,6031,4.33%,705.1
109,E07000076,Tendring,"""East of England""",2035,790,0.68%,115495,16964,22.22%,11097,14.54%,12257,16.06%,4360,5.71%,9378,12.29%,18988,24.87%,3290,4.31%,684.8
116,E07000083,Tewkesbury,"""South West""",2035,604,0.90%,67358,23744,22.91%,15328,14.79%,18098,17.46%,5651,5.45%,12388,11.95%,24026,23.18%,4422,4.27%,645.8
143,E07000114,Thanet,"""South East""",2035,802,0.74%,108556,19122,25.55%,13262,17.72%,12871,17.20%,2741,3.66%,8401,11.22%,14394,19.23%,4059,5.42%,799.3
34,E06000034,Thurrock,"""East of England""",2035,"1,193",0.97%,123407,22164,24.89%,13199,14.82%,14560,16.35%,4103,4.61%,11177,12.55%,19766,22.20%,4073,4.57%,838.7
27,E06000027,Torbay,"""South West""",2035,753,0.69%,109290,21179,24.81%,11445,13.41%,13568,15.90%,4350,5.10%,10883,12.75%,20244,23.72%,3688,4.32%,661.3
86,E07000046,Torridge,"""South West""",2035,368,0.69%,53321,17907,17.65%,14410,14.20%,17461,17.21%,5779,5.69%,13524,13.33%,28326,27.91%,4075,4.02%,709.3
266,E08000009,Trafford,"""North West""",2035,"1,436",0.79%,180754,18156,18.33%,12467,12.58%,13998,14.13%,3165,3.19%,18000,18.17%,28291,28.56%,4989,5.04%,600.8
110,E07000077,Uttlesford,"""East of England""",2035,558,0.88%,63399,38172,19.56%,17500,8.97%,19612,10.05%,1862,0.95%,18106,9.28%,81591,41.81%,18302,9.38%,678.1
292,E08000036,Wakefield,"""Yorkshire and the Humber""",2035,"2,222",0.84%,265797,14536,19.63%,8869,11.98%,11914,16.09%,3015,4.07%,9015,12.18%,23736,32.06%,2954,3.99%,713.9
286,E08000030,Walsall,"""West Midlands""",2035,"1,786",0.84%,213123,22312,17.29%,15280,11.84%,21135,16.38%,4649,3.60%,15220,11.80%,44002,34.10%,6438,4.99%,659.1
325,E09000032,Wandsworth,London,2035,"2,339",0.91%,255989,22758,30.66%,10057,13.55%,11992,16.16%,4076,5.49%,9276,12.50%,13063,17.60%,3006,4.05%,709.8
7,E06000007,Warrington,"""North West""",2035,"1,224",0.75%,163477,15520,20.86%,9771,13.13%,11931,16.03%,2943,3.95%,9779,13.14%,21884,29.41%,2588,3.48%,663.4
240,E07000222,Warwick,"""West Midlands""",2035,964,0.85%,114051,17407,16.31%,14155,13.26%,18954,17.75%,3627,3.40%,13525,12.67%,34814,32.61%,4276,4.01%,628.3
133,E07000103,Watford,"""East of England""",2035,601,0.84%,71693,26361,19.22%,20055,14.62%,23266,16.96%,5221,3.81%,16977,12.38%,38301,27.92%,6976,5.09%,632.8
224,E07000206,Waveney,"""East of England""",2035,653,0.68%,95369,17079,22.83%,11565,15.46%,12720,17.00%,3244,4.34%,8814,11.78%,17406,23.27%,3981,5.32%,794.8
234,E07000216,Waverley,"""South East""",2035,668,0.69%,97478,23804,20.63%,13178,11.42%,17539,15.20%,4231,3.67%,20214,17.52%,31396,27.21%,5043,4.37%,789
98,E07000065,Wealden,"""South East""",2035,857,0.70%,122443,18622,22.42%,11388,13.71%,13304,16.02%,2939,3.54%,9779,11.77%,23604,28.42%,3421,4.12%,750.6
185,E07000156,Wellingborough,"""East Midlands""",2035,483,0.80%,60348,24378,15.16%,15900,9.89%,18875,11.74%,2689,1.67%,15928,9.90%,66091,41.09%,16979,10.56%,777.4
326,E09000033,Westminster,London,2035,"2,081",1.11%,186812,49087,20.62%,27152,11.40%,26742,11.23%,2425,1.02%,23456,9.85%,71771,30.14%,37457,15.73%,610.8
267,E08000010,Wigan,"""North West""",2035,"1,966",0.76%,257825,39877,18.45%,26437,12.23%,28374,13.13%,3648,1.69%,22208,10.28%,73299,33.92%,22269,10.30%,668.6
53,E06000054,Wiltshire,"""South West""",2035,"2,881",0.76%,380013,38384,16.34%,22077,9.40%,24045,10.24%,2623,1.12%,24779,10.55%,101172,43.07%,21821,9.29%,772.5
127,E07000094,Winchester,"""South East""",2035,713,0.75%,95110,28330,18.62%,21588,14.19%,24423,16.05%,4374,2.87%,18023,11.84%,45775,30.08%,9645,6.34%,614.2
272,E08000015,Wirral,"""North West""",2035,"1,763",0.68%,260498,29622,11.57%,16903,6.60%,21454,8.38%,2509,0.98%,25485,9.96%,137142,53.57%,22874,8.94%,928.1
235,E07000217,Woking,"""South East""",2035,574,0.72%,79185,23943,12.82%,12308,6.59%,14497,7.76%,1420,0.76%,17113,9.16%,93946,50.29%,23585,12.62%,"1,008.70"
41,E06000041,Wokingham,"""South East""",2035,"1,059",0.86%,123010,21296,23.48%,12150,13.39%,14318,15.78%,3600,3.97%,12652,13.95%,23000,25.35%,3696,4.07%,505.2
287,E08000031,Wolverhampton,"""West Midlands""",2035,"1,693",0.85%,200047,50081,17.62%,39285,13.82%,43299,15.23%,6018,2.12%,32498,11.43%,90321,31.77%,22766,8.01%,444.9
251,E07000237,Worcester,"""West Midlands""",2035,624,0.78%,80291,36163,17.83%,17685,8.72%,20563,10.14%,1981,0.98%,19456,9.59%,82727,40.78%,24281,11.97%,491.1
247,E07000229,Worthing,"""South East""",2035,644,0.75%,85971,9815,13.50%,9036,12.43%,11746,16.16%,2579,3.55%,9451,13.00%,27248,37.49%,2806,3.86%,616.7
252,E07000238,Wychavon,"""West Midlands""",2035,779,0.80%,97039,7925,18.56%,6419,15.03%,7681,17.99%,1590,3.72%,5269,12.34%,11513,26.96%,2301,5.39%,509.1
60,E07000007,Wycombe,"""South East""",2035,792,0.58%,136787,10369,24.00%,5427,12.56%,7033,16.28%,1768,4.09%,4900,11.34%,11793,27.30%,1910,4.42%,494.5
157,E07000128,Wyre,"""North West""",2035,574,0.63%,90467,23755,25.99%,11781,12.89%,14853,16.25%,4862,5.32%,11027,12.06%,20742,22.69%,4382,4.79%,450.6
14,E06000014,York,"""Yorkshire and The Humber""",2035,"1,361",0.82%,166275,14431,21.18%,9535,13.99%,11323,16.62%,3402,4.99%,8731,12.81%,17786,26.10%,2927,4.30%,572.5
